;iteration;age;model;nr;interval
0;0;5;Continent_frame;0.2414408422235453;5
1;0;10;Continent_frame;0.20284350858204328;5
2;0;15;Continent_frame;0.23392232265404983;5
3;0;20;Continent_frame;0.20116122473056242;5
4;0;25;Continent_frame;0.2120272106967397;5
5;0;30;Continent_frame;0.17954870381608104;5
6;0;35;Continent_frame;0.22165679447795109;5
7;0;40;Continent_frame;0.22446387045520957;5
8;0;45;Continent_frame;0.13636407996465555;5
9;1;5;Continent_frame;0.23941420233502791;5
10;1;10;Continent_frame;0.19815607418724207;5
11;1;15;Continent_frame;0.22980382016611095;5
12;1;20;Continent_frame;0.2143897180034205;5
13;1;25;Continent_frame;0.1988172081589594;5
14;1;30;Continent_frame;0.10480217531675717;5
15;1;35;Continent_frame;0.36283985159965626;5
16;1;40;Continent_frame;0.360704051784359;5
17;1;45;Continent_frame;0.07898264094901643;5
18;2;5;Continent_frame;0.23100909809842976;5
19;2;10;Continent_frame;0.23971095126236097;5
20;2;15;Continent_frame;0.30687399446830155;5
21;2;20;Continent_frame;0.17647539288440317;5
22;2;25;Continent_frame;0.17956752771068354;5
23;2;30;Continent_frame;0.13604605424117447;5
24;2;35;Continent_frame;0.3696943388098063;5
25;2;40;Continent_frame;0.356582272458283;5
26;2;45;Continent_frame;0.07887482811907989;5
27;3;5;Continent_frame;0.23771549618447588;5
28;3;10;Continent_frame;0.21141291502959322;5
29;3;15;Continent_frame;0.25913828108762416;5
30;3;20;Continent_frame;0.2133685502860865;5
31;3;25;Continent_frame;0.16530755031279185;5
32;3;30;Continent_frame;0.12055737271194583;5
33;3;35;Continent_frame;0.13388267303975107;5
34;3;40;Continent_frame;0.11085768250073816;5
35;3;45;Continent_frame;0.13125406132421327;5
36;4;5;Continent_frame;0.23846427522532157;5
37;4;10;Continent_frame;0.20639787505854687;5
38;4;15;Continent_frame;0.23564582553623642;5
39;4;20;Continent_frame;0.22095683970417807;5
40;4;25;Continent_frame;0.22187070253157815;5
41;4;30;Continent_frame;0.07927842583281065;5
42;4;35;Continent_frame;0.14124503901956484;5
43;4;40;Continent_frame;0.15934671898269093;5
44;4;45;Continent_frame;0.14567698562074546;5
45;5;5;Continent_frame;0.23914436447761217;5
46;5;10;Continent_frame;0.19871154455550596;5
47;5;15;Continent_frame;0.2335857452930004;5
48;5;20;Continent_frame;0.21796772946255724;5
49;5;25;Continent_frame;0.18736258296851246;5
50;5;30;Continent_frame;0.07925552066375255;5
51;5;35;Continent_frame;0.37030751883926033;5
52;5;40;Continent_frame;0.35726667504974463;5
53;5;45;Continent_frame;0.07826842463892596;5
54;6;5;Continent_frame;0.24302388193589963;5
55;6;10;Continent_frame;0.22641769864307773;5
56;6;15;Continent_frame;0.2182564966864926;5
57;6;20;Continent_frame;0.18501782956184676;5
58;6;25;Continent_frame;0.1826589318312893;5
59;6;30;Continent_frame;0.04358667581607979;5
60;6;35;Continent_frame;0.37019377727352343;5
61;6;40;Continent_frame;0.35738980475702553;5
62;6;45;Continent_frame;0.11500377750913658;5
63;7;5;Continent_frame;0.213863968705735;5
64;7;10;Continent_frame;0.19697548967761086;5
65;7;15;Continent_frame;0.34147905422666747;5
66;7;20;Continent_frame;0.16083717650091944;5
67;7;25;Continent_frame;0.21530157209445014;5
68;7;30;Continent_frame;0.2994957942327916;5
69;7;35;Continent_frame;0.13502536651427888;5
70;7;40;Continent_frame;0.0708913424352909;5
71;7;45;Continent_frame;0.10965626527226102;5
72;8;5;Continent_frame;0.22091125332381825;5
73;8;10;Continent_frame;0.20393121855119;5
74;8;15;Continent_frame;0.29731333627164;5
75;8;20;Continent_frame;0.18077701168532953;5
76;8;25;Continent_frame;0.20384217011209352;5
77;8;30;Continent_frame;0.16755884362908996;5
78;8;35;Continent_frame;0.3513594762385259;5
79;8;40;Continent_frame;0.35774410981630717;5
80;8;45;Continent_frame;0.07802017039130626;5
81;9;5;Continent_frame;0.2383917212509761;5
82;9;10;Continent_frame;0.22346238725850667;5
83;9;15;Continent_frame;0.24521996128761497;5
84;9;20;Continent_frame;0.23068093141048948;5
85;9;25;Continent_frame;0.2868155346449133;5
86;9;30;Continent_frame;0.3748471874140111;5
87;9;35;Continent_frame;0.12594192902501739;5
88;9;40;Continent_frame;0.20993029501041294;5
89;9;45;Continent_frame;0.07908411418675602;5
90;10;5;Continent_frame;0.21497518085115647;5
91;10;10;Continent_frame;0.1980268236066127;5
92;10;15;Continent_frame;0.2677016026275256;5
93;10;20;Continent_frame;0.20265776214225004;5
94;10;25;Continent_frame;0.17490257270463166;5
95;10;30;Continent_frame;0.13490915440291879;5
96;10;35;Continent_frame;0.14754946608762715;5
97;10;40;Continent_frame;0.28508127223772567;5
98;10;45;Continent_frame;0.1339880616961157;5
99;11;5;Continent_frame;0.2146329517782246;5
100;11;10;Continent_frame;0.197781722802019;5
101;11;15;Continent_frame;0.35204932314798787;5
102;11;20;Continent_frame;0.43892069177398796;5
103;11;25;Continent_frame;0.3801964195915349;5
104;11;30;Continent_frame;0.37340928565919285;5
105;11;35;Continent_frame;0.12262106173901924;5
106;11;40;Continent_frame;0.25418459766683177;5
107;11;45;Continent_frame;0.1642295151227679;5
108;12;5;Continent_frame;0.2137155787429553;5
109;12;10;Continent_frame;0.19678189210012192;5
110;12;15;Continent_frame;0.3409090331399498;5
111;12;20;Continent_frame;0.15348999556887805;5
112;12;25;Continent_frame;0.21451057345951258;5
113;12;30;Continent_frame;0.22025866929904667;5
114;12;35;Continent_frame;0.13170706128283755;5
115;12;40;Continent_frame;0.11055336184973662;5
116;12;45;Continent_frame;0.12930080697817997;5
117;13;5;Continent_frame;0.241053669924062;5
118;13;10;Continent_frame;0.19432874251942614;5
119;13;15;Continent_frame;0.21957074334313864;5
120;13;20;Continent_frame;0.20481989039036522;5
121;13;25;Continent_frame;0.2449954748224195;5
122;13;30;Continent_frame;0.045308888533167224;5
123;13;35;Continent_frame;0.3701246480565879;5
124;13;40;Continent_frame;0.35735715629350834;5
125;13;45;Continent_frame;0.07861692176029836;5
126;14;5;Continent_frame;0.24049405418481598;5
127;14;10;Continent_frame;0.2094496978202671;5
128;14;15;Continent_frame;0.23765979981509794;5
129;14;20;Continent_frame;0.2228974693441244;5
130;14;25;Continent_frame;0.23013593551882183;5
131;14;30;Continent_frame;0.14173467432580864;5
132;14;35;Continent_frame;0.2974468352726217;5
133;14;40;Continent_frame;0.36068054228894714;5
134;14;45;Continent_frame;0.0795118762725457;5
135;15;5;Continent_frame;0.22085682537374127;5
136;15;10;Continent_frame;0.20385982614702108;5
137;15;15;Continent_frame;0.24274603470790068;5
138;15;20;Continent_frame;0.19428268948995686;5
139;15;25;Continent_frame;0.19599807361807037;5
140;15;30;Continent_frame;0.12450370428965979;5
141;15;35;Continent_frame;0.136509632130348;5
142;15;40;Continent_frame;0.0807668129065227;5
143;15;45;Continent_frame;0.07968922802130596;5
144;16;5;Continent_frame;0.21605968331379435;5
145;16;10;Continent_frame;0.19906584325602747;5
146;16;15;Continent_frame;0.3032559249808005;5
147;16;20;Continent_frame;0.16038462605681583;5
148;16;25;Continent_frame;0.20968461097075997;5
149;16;30;Continent_frame;0.16685124702539336;5
150;16;35;Continent_frame;0.14425461837561393;5
151;16;40;Continent_frame;0.24393490592559539;5
152;16;45;Continent_frame;0.17323616834063285;5
153;17;5;Continent_frame;0.21383431505868283;5
154;17;10;Continent_frame;0.19694557673131186;5
155;17;15;Continent_frame;0.35148985444321235;5
156;17;20;Continent_frame;0.1558631808640968;5
157;17;25;Continent_frame;0.21827534186158995;5
158;17;30;Continent_frame;0.3718433590917004;5
159;17;35;Continent_frame;0.13053470287780775;5
160;17;40;Continent_frame;0.2044579066347358;5
161;17;45;Continent_frame;0.1584243340968345;5
162;18;5;Continent_frame;0.23740764235682338;5
163;18;10;Continent_frame;0.195042770462074;5
164;18;15;Continent_frame;0.20784010898454872;5
165;18;20;Continent_frame;0.19293021263587873;5
166;18;25;Continent_frame;0.23929820502513066;5
167;18;30;Continent_frame;0.12163009136974627;5
168;18;35;Continent_frame;0.35445025519654755;5
169;18;40;Continent_frame;0.3585812852722046;5
170;18;45;Continent_frame;0.1648477858191603;5
171;19;5;Continent_frame;0.2367170360648666;5
172;19;10;Continent_frame;0.2183420470875781;5
173;19;15;Continent_frame;0.30081734516942304;5
174;19;20;Continent_frame;0.20422702062869663;5
175;19;25;Continent_frame;0.19952687904587743;5
176;19;30;Continent_frame;0.16603264640912724;5
177;19;35;Continent_frame;0.32904594373487206;5
178;19;40;Continent_frame;0.35735759299828435;5
179;19;45;Continent_frame;0.10756994233852443;5
180;20;5;Continent_frame;0.21557201942428758;5
181;20;10;Continent_frame;0.19863646502229568;5
182;20;15;Continent_frame;0.3157343927174958;5
183;20;20;Continent_frame;0.19470817357554862;5
184;20;25;Continent_frame;0.1598308128476977;5
185;20;30;Continent_frame;0.37332566966263386;5
186;20;35;Continent_frame;0.12839379770405993;5
187;20;40;Continent_frame;0.28398614041021886;5
188;20;45;Continent_frame;0.13597166860537369;5
189;21;5;Continent_frame;0.2386374949023334;5
190;21;10;Continent_frame;0.22770047783849068;5
191;21;15;Continent_frame;0.2733161047898439;5
192;21;20;Continent_frame;0.2199177894517039;5
193;21;25;Continent_frame;0.17099654335610395;5
194;21;30;Continent_frame;0.11170646131417465;5
195;21;35;Continent_frame;0.13472646349704046;5
196;21;40;Continent_frame;0.15678282364603366;5
197;21;45;Continent_frame;0.14838202128431388;5
198;22;5;Continent_frame;0.23827095606210458;5
199;22;10;Continent_frame;0.2216546668469474;5
200;22;15;Continent_frame;0.214098036723657;5
201;22;20;Continent_frame;0.18238130163019936;5
202;22;25;Continent_frame;0.183526358512481;5
203;22;30;Continent_frame;0.07036803540921953;5
204;22;35;Continent_frame;0.3695391515872227;5
205;22;40;Continent_frame;0.35671907455831614;5
206;22;45;Continent_frame;0.11888826493565373;5
207;23;5;Continent_frame;0.2404579369097426;5
208;23;10;Continent_frame;0.20045505229750885;5
209;23;15;Continent_frame;0.28950809445070214;5
210;23;20;Continent_frame;0.14715620892202844;5
211;23;25;Continent_frame;0.20570847645002688;5
212;23;30;Continent_frame;0.15552504278357304;5
213;23;35;Continent_frame;0.13288100028618738;5
214;23;40;Continent_frame;0.13920656239160398;5
215;23;45;Continent_frame;0.07903917339990689;5
216;24;5;Continent_frame;0.23100909809842976;5
217;24;10;Continent_frame;0.25045125794344436;5
218;24;15;Continent_frame;0.28927323611396616;5
219;24;20;Continent_frame;0.2423928523947658;5
220;24;25;Continent_frame;0.18752807664015544;5
221;24;30;Continent_frame;0.37183791668755983;5
222;24;35;Continent_frame;0.13249490221714857;5
223;24;40;Continent_frame;0.35407836166055784;5
224;24;45;Continent_frame;0.08028335871866013;5
225;25;5;Continent_frame;0.21956252257974557;5
226;25;10;Continent_frame;0.20250363616000763;5
227;25;15;Continent_frame;0.2674644235221678;5
228;25;20;Continent_frame;0.19744930573227182;5
229;25;25;Continent_frame;0.18812637180784547;5
230;25;30;Continent_frame;0.3771874300891091;5
231;25;35;Continent_frame;0.1340706361109234;5
232;25;40;Continent_frame;0.07131796493644252;5
233;25;45;Continent_frame;0.08752360712000037;5
234;26;5;Continent_frame;0.2367170360648666;5
235;26;10;Continent_frame;0.2279661719400775;5
236;26;15;Continent_frame;0.2443429671007887;5
237;26;20;Continent_frame;0.22988578014229885;5
238;26;25;Continent_frame;0.2557729164377415;5
239;26;30;Continent_frame;0.07948049857977543;5
240;26;35;Continent_frame;0.1563935380596324;5
241;26;40;Continent_frame;0.13867250330771272;5
242;26;45;Continent_frame;0.08026925867796103;5
243;27;5;Continent_frame;0.2428139153423859;5
244;27;10;Continent_frame;0.2262016064959334;5
245;27;15;Continent_frame;0.20758561580685403;5
246;27;20;Continent_frame;0.18172290442215278;5
247;27;25;Continent_frame;0.20924603385971446;5
248;27;30;Continent_frame;0.18279024894441506;5
249;27;35;Continent_frame;0.19583204136714266;5
250;27;40;Continent_frame;0.22455588806269905;5
251;27;45;Continent_frame;0.13639731430295646;5
252;28;5;Continent_frame;0.24150656706268664;5
253;28;10;Continent_frame;0.19542136153026612;5
254;28;15;Continent_frame;0.21904292330630815;5
255;28;20;Continent_frame;0.20448368440495446;5
256;28;25;Continent_frame;0.2401590082562163;5
257;28;30;Continent_frame;0.07939429016773081;5
258;28;35;Continent_frame;0.13259482508631995;5
259;28;40;Continent_frame;0.13883929427850122;5
260;28;45;Continent_frame;0.07939675320702667;5
261;29;5;Continent_frame;0.23879174216501076;5
262;29;10;Continent_frame;0.19858596208948945;5
263;29;15;Continent_frame;0.2574769314661309;5
264;29;20;Continent_frame;0.17929768179063185;5
265;29;25;Continent_frame;0.22568933561137927;5
266;29;30;Continent_frame;0.3762636131833772;5
267;29;35;Continent_frame;0.13484433450242303;5
268;29;40;Continent_frame;0.08061476725391287;5
269;29;45;Continent_frame;0.07884505277786379;5
270;30;5;Continent_frame;0.21557201942428758;5
271;30;10;Continent_frame;0.19863646502229568;5
272;30;15;Continent_frame;0.31827917958501745;5
273;30;20;Continent_frame;0.17413514210824652;5
274;30;25;Continent_frame;0.17281794467876935;5
275;30;30;Continent_frame;0.12131279832254324;5
276;30;35;Continent_frame;0.1331713076360374;5
277;30;40;Continent_frame;0.22401050404490586;5
278;30;45;Continent_frame;0.13661799642568448;5
279;31;5;Continent_frame;0.2372215742298034;5
280;31;10;Continent_frame;0.21967952059258541;5
281;31;15;Continent_frame;0.33060657505507374;5
282;31;20;Continent_frame;0.13914170881558832;5
283;31;25;Continent_frame;0.1977632622065293;5
284;31;30;Continent_frame;0.1562514915752511;5
285;31;35;Continent_frame;0.1333852301968584;5
286;31;40;Continent_frame;0.22402414993691058;5
287;31;45;Continent_frame;0.13646987333526847;5
288;32;5;Continent_frame;0.21657218285887173;5
289;32;10;Continent_frame;0.19997753548378;5
290;32;15;Continent_frame;0.31202975429810553;5
291;32;20;Continent_frame;0.22979349682130967;5
292;32;25;Continent_frame;0.16734342130790586;5
293;32;30;Continent_frame;0.1280365569205317;5
294;32;35;Continent_frame;0.1757612535250802;5
295;32;40;Continent_frame;0.22513650495850596;5
296;32;45;Continent_frame;0.13422907388913408;5
297;33;5;Continent_frame;0.21453937803233666;5
298;33;10;Continent_frame;0.19768613113662709;5
299;33;15;Continent_frame;0.3023647982177719;5
300;33;20;Continent_frame;0.16489852179481393;5
301;33;25;Continent_frame;0.22083374166963263;5
302;33;30;Continent_frame;0.1615932226673899;5
303;33;35;Continent_frame;0.13307011094196866;5
304;33;40;Continent_frame;0.199905871232915;5
305;33;45;Continent_frame;0.16379343235104393;5
306;34;5;Continent_frame;0.24349099349770167;5
307;34;10;Continent_frame;0.22678329437107556;5
308;34;15;Continent_frame;0.20184128209332466;5
309;34;20;Continent_frame;0.17804869658244404;5
310;34;25;Continent_frame;0.2110329912733165;5
311;34;30;Continent_frame;0.18283596496975293;5
312;34;35;Continent_frame;0.3031997945051567;5
313;34;40;Continent_frame;0.3588914114878776;5
314;34;45;Continent_frame;0.0783741514430846;5
315;35;5;Continent_frame;0.23934740197678578;5
316;35;10;Continent_frame;0.2227309018660204;5
317;35;15;Continent_frame;0.19682553891824145;5
318;35;20;Continent_frame;0.18146406422480602;5
319;35;25;Continent_frame;0.21819592570706825;5
320;35;30;Continent_frame;0.1592062062102741;5
321;35;35;Continent_frame;0.3501982328974299;5
322;35;40;Continent_frame;0.35860526347418176;5
323;35;45;Continent_frame;0.0787704986764531;5
324;36;5;Continent_frame;0.23039176865081898;5
325;36;10;Continent_frame;0.247588402969636;5
326;36;15;Continent_frame;0.26366142374354895;5
327;36;20;Continent_frame;0.24896532259208973;5
328;36;25;Continent_frame;0.20499094697057055;5
329;36;30;Continent_frame;0.06309981932938291;5
330;36;35;Continent_frame;0.3710132662842208;5
331;36;40;Continent_frame;0.3580481353074018;5
332;36;45;Continent_frame;0.16636434998674066;5
333;37;5;Continent_frame;0.24231722842184208;5
334;37;10;Continent_frame;0.20303131313362915;5
335;37;15;Continent_frame;0.2238400000177876;5
336;37;20;Continent_frame;0.18473192869812105;5
337;37;25;Continent_frame;0.20408926112031128;5
338;37;30;Continent_frame;0.2608678629761965;5
339;37;35;Continent_frame;0.13168597119209413;5
340;37;40;Continent_frame;0.20912177809020113;5
341;37;45;Continent_frame;0.0790676643573051;5
342;38;5;Continent_frame;0.21715960841570742;5
343;38;10;Continent_frame;0.2001282352067794;5
344;38;15;Continent_frame;0.2745776760994405;5
345;38;20;Continent_frame;0.20243760954232204;5
346;38;25;Continent_frame;0.16037412061108697;5
347;38;30;Continent_frame;0.3007666502580917;5
348;38;35;Continent_frame;0.13142331145667732;5
349;38;40;Continent_frame;0.20697908134376042;5
350;38;45;Continent_frame;0.1556419893196461;5
351;39;5;Continent_frame;0.21468062950956468;5
352;39;10;Continent_frame;0.19782989178872454;5
353;39;15;Continent_frame;0.34260229864734537;5
354;39;20;Continent_frame;0.17087099289623572;5
355;39;25;Continent_frame;0.19813129395572732;5
356;39;30;Continent_frame;0.3719569431626247;5
357;39;35;Continent_frame;0.13263960144313688;5
358;39;40;Continent_frame;0.35386782967538194;5
359;39;45;Continent_frame;0.07854678687299231;5
360;40;5;Continent_frame;0.21436650083506806;5
361;40;10;Continent_frame;0.1975122396121188;5
362;40;15;Continent_frame;0.311435366251346;5
363;40;20;Continent_frame;0.1859672898744495;5
364;40;25;Continent_frame;0.1783470979613754;5
365;40;30;Continent_frame;0.11538901490072685;5
366;40;35;Continent_frame;0.13937674170665063;5
367;40;40;Continent_frame;0.0775006936109801;5
368;40;45;Continent_frame;0.08488157984654338;5
369;41;5;Continent_frame;0.22901449017159414;5
370;41;10;Continent_frame;0.25234244399595507;5
371;41;15;Continent_frame;0.2732724410134067;5
372;41;20;Continent_frame;0.25865602391140863;5
373;41;25;Continent_frame;0.17990012621067777;5
374;41;30;Continent_frame;0.37563982904368404;5
375;41;35;Continent_frame;0.13350381405513326;5
376;41;40;Continent_frame;0.0786721432550068;5
377;41;45;Continent_frame;0.07933569161377614;5
378;42;5;Continent_frame;0.21503354240323147;5
379;42;10;Continent_frame;0.1981797862855917;5
380;42;15;Continent_frame;0.3432863644189272;5
381;42;20;Continent_frame;0.1692227812693147;5
382;42;25;Continent_frame;0.19702182096423224;5
383;42;30;Continent_frame;0.05675169899247504;5
384;42;35;Continent_frame;0.369997502382005;5
385;42;40;Continent_frame;0.35704392951133634;5
386;42;45;Continent_frame;0.17789787635572393;5
387;43;5;Continent_frame;0.23037948113745352;5
388;43;10;Continent_frame;0.26300833199467355;5
389;43;15;Continent_frame;0.2789769326950915;5
390;43;20;Continent_frame;0.26361117116640337;5
391;43;25;Continent_frame;0.15933206298448868;5
392;43;30;Continent_frame;0.21196856686695167;5
393;43;35;Continent_frame;0.1327309294015603;5
394;43;40;Continent_frame;0.3546322044761861;5
395;43;45;Continent_frame;0.07972977385595763;5
396;44;5;Continent_frame;0.21366124625636562;5
397;44;10;Continent_frame;0.1967173726045064;5
398;44;15;Continent_frame;0.32324479004786094;5
399;44;20;Continent_frame;0.19014691566656855;5
400;44;25;Continent_frame;0.20631819596054968;5
401;44;30;Continent_frame;0.17862292682394662;5
402;44;35;Continent_frame;0.3161949843271949;5
403;44;40;Continent_frame;0.3610679954153904;5
404;44;45;Continent_frame;0.13867168919179274;5
405;45;5;Continent_frame;0.2321125806765375;5
406;45;10;Continent_frame;0.21396047199992002;5
407;45;15;Continent_frame;0.3151068357647944;5
408;45;20;Continent_frame;0.17475748373439437;5
409;45;25;Continent_frame;0.19766614030330326;5
410;45;30;Continent_frame;0.16176608589755487;5
411;45;35;Continent_frame;0.3520764735038278;5
412;45;40;Continent_frame;0.3571352260471392;5
413;45;45;Continent_frame;0.10145594546343682;5
414;46;5;Continent_frame;0.21676308056720625;5
415;46;10;Continent_frame;0.20018132859564058;5
416;46;15;Continent_frame;0.2741863703089838;5
417;46;20;Continent_frame;0.19787454332101148;5
418;46;25;Continent_frame;0.19773990207138706;5
419;46;30;Continent_frame;0.10777347252896356;5
420;46;35;Continent_frame;0.3734792638829253;5
421;46;40;Continent_frame;0.3601734772112471;5
422;46;45;Continent_frame;0.07973282861770184;5
423;47;5;Continent_frame;0.24093386458287774;5
424;47;10;Continent_frame;0.20400989426944643;5
425;47;15;Continent_frame;0.24168391454360133;5
426;47;20;Continent_frame;0.22536332596099254;5
427;47;25;Continent_frame;0.18641154337507848;5
428;47;30;Continent_frame;0.37164951089384435;5
429;47;35;Continent_frame;0.13070129412553874;5
430;47;40;Continent_frame;0.16711751327467878;5
431;47;45;Continent_frame;0.13536429196593414;5
432;48;5;Continent_frame;0.23916868773293526;5
433;48;10;Continent_frame;0.19864920223573493;5
434;48;15;Continent_frame;0.25716648801004394;5
435;48;20;Continent_frame;0.163805476588052;5
436;48;25;Continent_frame;0.20440295765802008;5
437;48;30;Continent_frame;0.10726661488357907;5
438;48;35;Continent_frame;0.3713422534199473;5
439;48;40;Continent_frame;0.35842013184256744;5
440;48;45;Continent_frame;0.07966168788287711;5
441;49;5;Continent_frame;0.24154595078193555;5
442;49;10;Continent_frame;0.21036313458326547;5
443;49;15;Continent_frame;0.27217019754033733;5
444;49;20;Continent_frame;0.19379080583364441;5
445;49;25;Continent_frame;0.2084086951980751;5
446;49;30;Continent_frame;0.04893554549996523;5
447;49;35;Continent_frame;0.36975087602879836;5
448;49;40;Continent_frame;0.3567127147616655;5
449;49;45;Continent_frame;0.07852733660981669;5
450;50;5;Continent_frame;0.2401475294666858;5
451;50;10;Continent_frame;0.1989143962107504;5
452;50;15;Continent_frame;0.2662944029586143;5
453;50;20;Continent_frame;0.1608550469713901;5
454;50;25;Continent_frame;0.19738756336005078;5
455;50;30;Continent_frame;0.16085000371822433;5
456;50;35;Continent_frame;0.15514127305582168;5
457;50;40;Continent_frame;0.07052867754304146;5
458;50;45;Continent_frame;0.1090607839982271;5
459;51;5;Continent_frame;0.23154886672919775;5
460;51;10;Continent_frame;0.25917768213999853;5
461;51;15;Continent_frame;0.27015782816612594;5
462;51;20;Continent_frame;0.25528547962486664;5
463;51;25;Continent_frame;0.19393135987996665;5
464;51;30;Continent_frame;0.06618783964657919;5
465;51;35;Continent_frame;0.14272371676967754;5
466;51;40;Continent_frame;0.15878388237833388;5
467;51;45;Continent_frame;0.14605761838904663;5
468;52;5;Continent_frame;0.2146329517782246;5
469;52;10;Continent_frame;0.197781722802019;5
470;52;15;Continent_frame;0.34124904162267555;5
471;52;20;Continent_frame;0.15567265034499422;5
472;52;25;Continent_frame;0.21597544362125418;5
473;52;30;Continent_frame;0.11436575504891336;5
474;52;35;Continent_frame;0.3736659009383217;5
475;52;40;Continent_frame;0.3602179913226985;5
476;52;45;Continent_frame;0.07992418498337034;5
477;53;5;Continent_frame;0.21684565097104333;5
478;53;10;Continent_frame;0.2002608902137174;5
479;53;15;Continent_frame;0.27664074130526206;5
480;53;20;Continent_frame;0.20335235476403435;5
481;53;25;Continent_frame;0.2896130040098615;5
482;53;30;Continent_frame;0.37401478761175283;5
483;53;35;Continent_frame;0.1251138090800719;5
484;53;40;Continent_frame;0.06718358244331643;5
485;53;45;Continent_frame;0.10947389619471845;5
486;54;5;Continent_frame;0.24302388193589963;5
487;54;10;Continent_frame;0.22641769864307773;5
488;54;15;Continent_frame;0.20592697168365953;5
489;54;20;Continent_frame;0.16691727952871677;5
490;54;25;Continent_frame;0.21907075851389382;5
491;54;30;Continent_frame;0.0843021777766263;5
492;54;35;Continent_frame;0.373382574714661;5
493;54;40;Continent_frame;0.36035201011826495;5
494;54;45;Continent_frame;0.14458450395799927;5
495;55;5;Continent_frame;0.21802057989415832;5
496;55;10;Continent_frame;0.20152814586955753;5
497;55;15;Continent_frame;0.33607888706046696;5
498;55;20;Continent_frame;0.19169845897519142;5
499;55;25;Continent_frame;0.17383477138165723;5
500;55;30;Continent_frame;0.13178861694600355;5
501;55;35;Continent_frame;0.15076977370176994;5
502;55;40;Continent_frame;0.15938459624709148;5
503;55;45;Continent_frame;0.1456526271234138;5
504;56;5;Continent_frame;0.23993417869679134;5
505;56;10;Continent_frame;0.20159529011962551;5
506;56;15;Continent_frame;0.24763263622542517;5
507;56;20;Continent_frame;0.19700279363666573;5
508;56;25;Continent_frame;0.19679192994584271;5
509;56;30;Continent_frame;0.07493714705978065;5
510;56;35;Continent_frame;0.3703190886306793;5
511;56;40;Continent_frame;0.357426327652107;5
512;56;45;Continent_frame;0.07926388927640084;5
513;57;5;Continent_frame;0.21802057989415832;5
514;57;10;Continent_frame;0.20152814586955753;5
515;57;15;Continent_frame;0.29250387004996165;5
516;57;20;Continent_frame;0.22703272861281498;5
517;57;25;Continent_frame;0.15946853315324014;5
518;57;30;Continent_frame;0.09977542796763282;5
519;57;35;Continent_frame;0.1337323110395383;5
520;57;40;Continent_frame;0.27993963053379034;5
521;57;45;Continent_frame;0.07947746517436764;5
522;58;5;Continent_frame;0.24249243025324474;5
523;58;10;Continent_frame;0.20326001271291566;5
524;58;15;Continent_frame;0.22015278918803083;5
525;58;20;Continent_frame;0.20426704988876082;5
526;58;25;Continent_frame;0.20221255812331418;5
527;58;30;Continent_frame;0.021852514618154236;5
528;58;35;Continent_frame;0.37297252225396704;5
529;58;40;Continent_frame;0.36019548562370923;5
530;58;45;Continent_frame;0.13942194917173872;5
531;59;5;Continent_frame;0.2171027438812526;5
532;59;10;Continent_frame;0.20055982718750956;5
533;59;15;Continent_frame;0.26420310134859315;5
534;59;20;Continent_frame;0.1817604086908386;5
535;59;25;Continent_frame;0.21515690084364658;5
536;59;30;Continent_frame;0.11461791988253313;5
537;59;35;Continent_frame;0.13357557594662953;5
538;59;40;Continent_frame;0.20297292659400323;5
539;59;45;Continent_frame;0.16012800921436676;5
540;60;5;Continent_frame;0.2209023178219901;5
541;60;10;Continent_frame;0.2038991671316042;5
542;60;15;Continent_frame;0.2524518584887694;5
543;60;20;Continent_frame;0.20439697108898158;5
544;60;25;Continent_frame;0.1835272034471589;5
545;60;30;Continent_frame;0.020827212788774398;5
546;60;35;Continent_frame;0.3709637951313273;5
547;60;40;Continent_frame;0.35797027539157533;5
548;60;45;Continent_frame;0.07933726980603556;5
549;61;5;Continent_frame;0.2157433448645058;5
550;61;10;Continent_frame;0.1991259050436085;5
551;61;15;Continent_frame;0.2695457609903908;5
552;61;20;Continent_frame;0.1950996380542479;5
553;61;25;Continent_frame;0.2165658044555561;5
554;61;30;Continent_frame;0.10044307809654313;5
555;61;35;Continent_frame;0.13331469769210152;5
556;61;40;Continent_frame;0.1990205949816581;5
557;61;45;Continent_frame;0.16404974445575787;5
558;62;5;Continent_frame;0.21697547627377978;5
559;62;10;Continent_frame;0.20042618626433073;5
560;62;15;Continent_frame;0.3824391692913593;5
561;62;20;Continent_frame;0.1388596250104893;5
562;62;25;Continent_frame;0.20644162559164567;5
563;62;30;Continent_frame;0.1716930501957433;5
564;62;35;Continent_frame;0.13997144921367968;5
565;62;40;Continent_frame;0.07853208208556585;5
566;62;45;Continent_frame;0.08035098874873306;5
567;63;5;Continent_frame;0.24250119564177516;5
568;63;10;Continent_frame;0.20616712587293598;5
569;63;15;Continent_frame;0.23450194233976548;5
570;63;20;Continent_frame;0.17899982653789828;5
571;63;25;Continent_frame;0.17684361571981294;5
572;63;30;Continent_frame;0.11610230398061411;5
573;63;35;Continent_frame;0.37340319466822985;5
574;63;40;Continent_frame;0.3604329673723966;5
575;63;45;Continent_frame;0.24663549767954218;5
576;64;5;Continent_frame;0.2435855262939699;5
577;64;10;Continent_frame;0.22686870331968592;5
578;64;15;Continent_frame;0.1889530533848658;5
579;64;20;Continent_frame;0.17369332350698194;5
580;64;25;Continent_frame;0.22666870816192752;5
581;64;30;Continent_frame;0.2130063598180793;5
582;64;35;Continent_frame;0.13151572042051432;5
583;64;40;Continent_frame;0.19733084618821084;5
584;64;45;Continent_frame;0.16639761673419615;5
585;65;5;Continent_frame;0.23846427522532157;5
586;65;10;Continent_frame;0.21230842358312094;5
587;65;15;Continent_frame;0.266936511454334;5
588;65;20;Continent_frame;0.20630373053550663;5
589;65;25;Continent_frame;0.17074438048230034;5
590;65;30;Continent_frame;0.13817953811750217;5
591;65;35;Continent_frame;0.1785243947700756;5
592;65;40;Continent_frame;0.0762460147581975;5
593;65;45;Continent_frame;0.09392758043314832;5
594;66;5;Continent_frame;0.23750456210814416;5
595;66;10;Continent_frame;0.21340389336938909;5
596;66;15;Continent_frame;0.2611635426181433;5
597;66;20;Continent_frame;0.22297036813489185;5
598;66;25;Continent_frame;0.17279954571125636;5
599;66;30;Continent_frame;0.13349739121510928;5
600;66;35;Continent_frame;0.17517807906761856;5
601;66;40;Continent_frame;0.15701309445458683;5
602;66;45;Continent_frame;0.14767668036234183;5
603;67;5;Continent_frame;0.24302388193589963;5
604;67;10;Continent_frame;0.22641769864307773;5
605;67;15;Continent_frame;0.20723863103697743;5
606;67;20;Continent_frame;0.17724820012427242;5
607;67;25;Continent_frame;0.20240879571434825;5
608;67;30;Continent_frame;0.17188554521690733;5
609;67;35;Continent_frame;0.17557606594512384;5
610;67;40;Continent_frame;0.112316897078907;5
611;67;45;Continent_frame;0.1358078153565272;5
612;68;5;Continent_frame;0.21546241431856233;5
613;68;10;Continent_frame;0.19848453655913298;5
614;68;15;Continent_frame;0.23643919957321272;5
615;68;20;Continent_frame;0.18713953599724065;5
616;68;25;Continent_frame;0.21327822145493275;5
617;68;30;Continent_frame;0.30094317354410544;5
618;68;35;Continent_frame;0.13099642397627348;5
619;68;40;Continent_frame;0.28108121423093824;5
620;68;45;Continent_frame;0.07906143744873842;5
621;69;5;Continent_frame;0.21446196953282498;5
622;69;10;Continent_frame;0.1976182025204496;5
623;69;15;Continent_frame;0.31910385393171636;5
624;69;20;Continent_frame;0.19436418895492769;5
625;69;25;Continent_frame;0.21194598537806747;5
626;69;30;Continent_frame;0.18022058418322173;5
627;69;35;Continent_frame;0.21572672541485338;5
628;69;40;Continent_frame;0.08124223544201135;5
629;69;45;Continent_frame;0.07896946455296602;5
630;70;5;Continent_frame;0.2344369127756896;5
631;70;10;Continent_frame;0.20978812877311653;5
632;70;15;Continent_frame;0.2752736453893556;5
633;70;20;Continent_frame;0.17089833500806006;5
634;70;25;Continent_frame;0.17546879608607183;5
635;70;30;Continent_frame;0.1363281204615608;5
636;70;35;Continent_frame;0.13389674005634028;5
637;70;40;Continent_frame;0.20884052826743404;5
638;70;45;Continent_frame;0.07881264435613616;5
639;71;5;Continent_frame;0.23700049887096514;5
640;71;10;Continent_frame;0.20302253616577534;5
641;71;15;Continent_frame;0.2302625056747006;5
642;71;20;Continent_frame;0.21585112794338263;5
643;71;25;Continent_frame;0.2448355136805676;5
644;71;30;Continent_frame;0.0680752693031394;5
645;71;35;Continent_frame;0.36944561952568283;5
646;71;40;Continent_frame;0.3566513939064742;5
647;71;45;Continent_frame;0.1087479220164048;5
648;72;5;Continent_frame;0.239222329020516;5
649;72;10;Continent_frame;0.20792431449282356;5
650;72;15;Continent_frame;0.27130531107420036;5
651;72;20;Continent_frame;0.18406124725715436;5
652;72;25;Continent_frame;0.19942191483883956;5
653;72;30;Continent_frame;0.07541581476235425;5
654;72;35;Continent_frame;0.3696411161220664;5
655;72;40;Continent_frame;0.35667297933368;5
656;72;45;Continent_frame;0.07876419685627754;5
657;73;5;Continent_frame;0.24450648161842467;5
658;73;10;Continent_frame;0.22784098491617646;5
659;73;15;Continent_frame;0.20411269419834557;5
660;73;20;Continent_frame;0.18825284295493716;5
661;73;25;Continent_frame;0.20354181086643103;5
662;73;30;Continent_frame;0.37091904954901816;5
663;73;35;Continent_frame;0.12962902288774333;5
664;73;40;Continent_frame;0.22622846370276786;5
665;73;45;Continent_frame;0.13303248782572655;5
666;74;5;Continent_frame;0.2372215742298034;5
667;74;10;Continent_frame;0.228916906151501;5
668;74;15;Continent_frame;0.31699766999650925;5
669;74;20;Continent_frame;0.1532475271396824;5
670;74;25;Continent_frame;0.18685417957849765;5
671;74;30;Continent_frame;0.14485706068777712;5
672;74;35;Continent_frame;0.13557630032675802;5
673;74;40;Continent_frame;0.2329999376702942;5
674;74;45;Continent_frame;0.18284086034720656;5
675;75;5;Continent_frame;0.21504416294500622;5
676;75;10;Continent_frame;0.19810309736567858;5
677;75;15;Continent_frame;0.2542043722300221;5
678;75;20;Continent_frame;0.20780693560680705;5
679;75;25;Continent_frame;0.15992577234399405;5
680;75;30;Continent_frame;0.16885857402071042;5
681;75;35;Continent_frame;0.1319860527420068;5
682;75;40;Continent_frame;0.13863067825304248;5
683;75;45;Continent_frame;0.07960830549068174;5
684;76;5;Continent_frame;0.2401181778305246;5
685;76;10;Continent_frame;0.20255583212402617;5
686;76;15;Continent_frame;0.23413746553876905;5
687;76;20;Continent_frame;0.1734224173004304;5
688;76;25;Continent_frame;0.19910593929420026;5
689;76;30;Continent_frame;0.16163940643558972;5
690;76;35;Continent_frame;0.3625062688739192;5
691;76;40;Continent_frame;0.35721411649240664;5
692;76;45;Continent_frame;0.07866408356801691;5
693;77;5;Continent_frame;0.2318997291486454;5
694;77;10;Continent_frame;0.2590063650905558;5
695;77;15;Continent_frame;0.26993176797230656;5
696;77;20;Continent_frame;0.2551816997876042;5
697;77;25;Continent_frame;0.19978929515908583;5
698;77;30;Continent_frame;0.0837084872502312;5
699;77;35;Continent_frame;0.16708713000509365;5
700;77;40;Continent_frame;0.15574541204082087;5
701;77;45;Continent_frame;0.15077231618225662;5
702;78;5;Continent_frame;0.23770407386525613;5
703;78;10;Continent_frame;0.1947435206600658;5
704;78;15;Continent_frame;0.20481187218609084;5
705;78;20;Continent_frame;0.19006474458740316;5
706;78;25;Continent_frame;0.2369615128060232;5
707;78;30;Continent_frame;0.15574736269716577;5
708;78;35;Continent_frame;0.15143578599475813;5
709;78;40;Continent_frame;0.2804885560488197;5
710;78;45;Continent_frame;0.07957363194818047;5
711;79;5;Continent_frame;0.2401181778305246;5
712;79;10;Continent_frame;0.20167222176780508;5
713;79;15;Continent_frame;0.22462633634365378;5
714;79;20;Continent_frame;0.20798541666290646;5
715;79;25;Continent_frame;0.19945137779697797;5
716;79;30;Continent_frame;0.16941885906066712;5
717;79;35;Continent_frame;0.300853897004454;5
718;79;40;Continent_frame;0.3580106513317485;5
719;79;45;Continent_frame;0.11425277835364188;5
720;80;5;Continent_frame;0.23931431923158997;5
721;80;10;Continent_frame;0.19637306929498166;5
722;80;15;Continent_frame;0.2276891075202253;5
723;80;20;Continent_frame;0.21244013130966144;5
724;80;25;Continent_frame;0.29443354165608127;5
725;80;30;Continent_frame;0.3738471937551732;5
726;80;35;Continent_frame;0.12438155411164989;5
727;80;40;Continent_frame;0.13955308122733553;5
728;80;45;Continent_frame;0.0788129199355877;5
729;81;5;Continent_frame;0.2152442917526551;5
730;81;10;Continent_frame;0.19834824498508277;5
731;81;15;Continent_frame;0.34115856226764185;5
732;81;20;Continent_frame;0.1554691608503227;5
733;81;25;Continent_frame;0.21507918233983483;5
734;81;30;Continent_frame;0.162392436522081;5
735;81;35;Continent_frame;0.3518988863372926;5
736;81;40;Continent_frame;0.3606847992584565;5
737;81;45;Continent_frame;0.07983657930093115;5
738;82;5;Continent_frame;0.23931431923158997;5
739;82;10;Continent_frame;0.19638365932485208;5
740;82;15;Continent_frame;0.22576484357746565;5
741;82;20;Continent_frame;0.21081557166451412;5
742;82;25;Continent_frame;0.2225780878115741;5
743;82;30;Continent_frame;0.019992246516449236;5
744;82;35;Continent_frame;0.36961377692404623;5
745;82;40;Continent_frame;0.35661737726702814;5
746;82;45;Continent_frame;0.11886526609144345;5
747;83;5;Continent_frame;0.2146329517782246;5
748;83;10;Continent_frame;0.197781722802019;5
749;83;15;Continent_frame;0.3416207088682946;5
750;83;20;Continent_frame;0.16107309412251053;5
751;83;25;Continent_frame;0.21783832096254246;5
752;83;30;Continent_frame;0.21905915355784883;5
753;83;35;Continent_frame;0.3021624429483628;5
754;83;40;Continent_frame;0.3577062408574274;5
755;83;45;Continent_frame;0.07840743044434591;5
756;84;5;Continent_frame;0.23911029835571185;5
757;84;10;Continent_frame;0.19521595825962879;5
758;84;15;Continent_frame;0.20351701757570248;5
759;84;20;Continent_frame;0.1888370574484485;5
760;84;25;Continent_frame;0.23689607632028656;5
761;84;30;Continent_frame;0.18738130560578922;5
762;84;35;Continent_frame;0.27215954426831945;5
763;84;40;Continent_frame;0.35792011032118753;5
764;84;45;Continent_frame;0.15636185032345606;5
765;85;5;Continent_frame;0.21283701334150276;5
766;85;10;Continent_frame;0.19595259743332677;5
767;85;15;Continent_frame;0.35334742182312345;5
768;85;20;Continent_frame;0.19488152629907568;5
769;85;25;Continent_frame;0.20462364484840445;5
770;85;30;Continent_frame;0.17983811998467228;5
771;85;35;Continent_frame;0.19402396907814037;5
772;85;40;Continent_frame;0.08148813565794243;5
773;85;45;Continent_frame;0.07876789297444309;5
774;86;5;Continent_frame;0.21557201942428758;5
775;86;10;Continent_frame;0.19863646502229568;5
776;86;15;Continent_frame;0.3182264750819566;5
777;86;20;Continent_frame;0.36648538740976855;5
778;86;25;Continent_frame;0.38220957547680956;5
779;86;30;Continent_frame;0.375607651106238;5
780;86;35;Continent_frame;0.12174235933934584;5
781;86;40;Continent_frame;0.15967154059172026;5
782;86;45;Continent_frame;0.14360184452637775;5
783;87;5;Continent_frame;0.21453937803233666;5
784;87;10;Continent_frame;0.19768613113662709;5
785;87;15;Continent_frame;0.303658433085409;5
786;87;20;Continent_frame;0.16419514118412812;5
787;87;25;Continent_frame;0.21305195507263475;5
788;87;30;Continent_frame;0.37177959156957113;5
789;87;35;Continent_frame;0.13041096535576988;5
790;87;40;Continent_frame;0.28058752205169957;5
791;87;45;Continent_frame;0.08008598840611025;5
792;88;5;Continent_frame;0.23995454892662665;5
793;88;10;Continent_frame;0.22048386204477993;5
794;88;15;Continent_frame;0.26859564239343375;5
795;88;20;Continent_frame;0.23161094836748586;5
796;88;25;Continent_frame;0.19790460638960555;5
797;88;30;Continent_frame;0.01983762160395472;5
798;88;35;Continent_frame;0.3695640755038254;5
799;88;40;Continent_frame;0.3566626483082243;5
800;88;45;Continent_frame;0.07868880395565434;5
801;89;5;Continent_frame;0.2435855262939699;5
802;89;10;Continent_frame;0.22686870331968592;5
803;89;15;Continent_frame;0.20635403624344423;5
804;89;20;Continent_frame;0.19034135976146657;5
805;89;25;Continent_frame;0.1902981168087353;5
806;89;30;Continent_frame;0.14251504117677113;5
807;89;35;Continent_frame;0.20553485035662847;5
808;89;40;Continent_frame;0.17580450489732985;5
809;89;45;Continent_frame;0.12711364053177762;5
810;90;5;Continent_frame;0.23770407386525613;5
811;90;10;Continent_frame;0.20065337195321217;5
812;90;15;Continent_frame;0.22811328442970757;5
813;90;20;Continent_frame;0.21177051672360123;5
814;90;25;Continent_frame;0.17563722768318352;5
815;90;30;Continent_frame;0.11499194768790869;5
816;90;35;Continent_frame;0.3706486893511545;5
817;90;40;Continent_frame;0.35746105233788605;5
818;90;45;Continent_frame;0.07879893715972462;5
819;91;5;Continent_frame;0.21453937803233666;5
820;91;10;Continent_frame;0.19768613113662709;5
821;91;15;Continent_frame;0.3134169501038815;5
822;91;20;Continent_frame;0.19705471896765414;5
823;91;25;Continent_frame;0.16347630861493606;5
824;91;30;Continent_frame;0.0782752431317197;5
825;91;35;Continent_frame;0.373182625104847;5
826;91;40;Continent_frame;0.3601692398081319;5
827;91;45;Continent_frame;0.07968224304122765;5
828;92;5;Continent_frame;0.2435855262939699;5
829;92;10;Continent_frame;0.22686870331968592;5
830;92;15;Continent_frame;0.20168111751856518;5
831;92;20;Continent_frame;0.16644180738283;5
832;92;25;Continent_frame;0.22649719020661788;5
833;92;30;Continent_frame;0.3129736583058689;5
834;92;35;Continent_frame;0.13019913777733466;5
835;92;40;Continent_frame;0.11116823792224753;5
836;92;45;Continent_frame;0.1325416705095077;5
837;93;5;Continent_frame;0.21396982939984463;5
838;93;10;Continent_frame;0.1970894111055602;5
839;93;15;Continent_frame;0.35524441610410207;5
840;93;20;Continent_frame;0.1556282921237881;5
841;93;25;Continent_frame;0.21061345159423914;5
842;93;30;Continent_frame;0.022417012175305392;5
843;93;35;Continent_frame;0.37280443937843416;5
844;93;40;Continent_frame;0.35987832823137383;5
845;93;45;Continent_frame;0.07989598993732111;5
846;94;5;Continent_frame;0.2400710149209429;5
847;94;10;Continent_frame;0.2234369570768526;5
848;94;15;Continent_frame;0.22106755431715655;5
849;94;20;Continent_frame;0.18676105436506804;5
850;94;25;Continent_frame;0.2095203665809757;5
851;94;30;Continent_frame;0.18114134079930846;5
852;94;35;Continent_frame;0.20303525494196423;5
853;94;40;Continent_frame;0.07633756162776192;5
854;94;45;Continent_frame;0.08026618724316659;5
855;95;5;Continent_frame;0.2341156735484875;5
856;95;10;Continent_frame;0.26537263932116356;5
857;95;15;Continent_frame;0.2878678955318411;5
858;95;20;Continent_frame;0.2720300929536808;5
859;95;25;Continent_frame;0.12962532187125808;5
860;95;30;Continent_frame;0.3709850464789698;5
861;95;35;Continent_frame;0.13110317587608653;5
862;95;40;Continent_frame;0.2841055166463054;5
863;95;45;Continent_frame;0.13572413274380127;5
864;96;5;Continent_frame;0.21546241431856233;5
865;96;10;Continent_frame;0.19848453655913298;5
866;96;15;Continent_frame;0.3006295803172799;5
867;96;20;Continent_frame;0.1383741194922908;5
868;96;25;Continent_frame;0.20090271820155536;5
869;96;30;Continent_frame;0.131715891929895;5
870;96;35;Continent_frame;0.3711295004033822;5
871;96;40;Continent_frame;0.35818955800104463;5
872;96;45;Continent_frame;0.16616439228266744;5
873;97;5;Continent_frame;0.21657218285887173;5
874;97;10;Continent_frame;0.19997753548378;5
875;97;15;Continent_frame;0.3821198296708467;5
876;97;20;Continent_frame;0.16841691949412924;5
877;97;25;Continent_frame;0.19318679023169896;5
878;97;30;Continent_frame;0.15582423312907073;5
879;97;35;Continent_frame;0.1889918323021775;5
880;97;40;Continent_frame;0.1604511370016487;5
881;97;45;Continent_frame;0.14189775819254286;5
882;98;5;Continent_frame;0.24229949566853204;5
883;98;10;Continent_frame;0.20447388605120675;5
884;98;15;Continent_frame;0.23757961475172687;5
885;98;20;Continent_frame;0.4416794022155133;5
886;98;25;Continent_frame;0.38221551645299046;5
887;98;30;Continent_frame;0.3750588153427879;5
888;98;35;Continent_frame;0.12403096820671476;5
889;98;40;Continent_frame;0.3621499138374401;5
890;98;45;Continent_frame;0.07834772568398407;5
891;99;5;Continent_frame;0.21400811596129657;5
892;99;10;Continent_frame;0.19714526546213992;5
893;99;15;Continent_frame;0.3081909402219626;5
894;99;20;Continent_frame;0.18107895777072736;5
895;99;25;Continent_frame;0.18543599740487576;5
896;99;30;Continent_frame;0.03416142550741876;5
897;99;35;Continent_frame;0.36958591641974936;5
898;99;40;Continent_frame;0.35653715946344533;5
899;99;45;Continent_frame;0.11923144516245367;5
900;100;5;Continent_frame;0.23934740197678578;5
901;100;10;Continent_frame;0.2227309018660204;5
902;100;15;Continent_frame;0.2092767338297601;5
903;100;20;Continent_frame;0.17117488077529344;5
904;100;25;Continent_frame;0.23474818960470167;5
905;100;30;Continent_frame;0.01994932627132163;5
906;100;35;Continent_frame;0.36956560591872123;5
907;100;40;Continent_frame;0.35654791780901324;5
908;100;45;Continent_frame;0.07841339010204819;5
909;101;5;Continent_frame;0.21419519338771295;5
910;101;10;Continent_frame;0.1973343804147759;5
911;101;15;Continent_frame;0.31325581197589675;5
912;101;20;Continent_frame;0.1978703613632839;5
913;101;25;Continent_frame;0.1644414588867696;5
914;101;30;Continent_frame;0.16297466258680493;5
915;101;35;Continent_frame;0.13231023265086606;5
916;101;40;Continent_frame;0.11163604179033387;5
917;101;45;Continent_frame;0.13610609320449116;5
918;102;5;Continent_frame;0.23896122743697598;5
919;102;10;Continent_frame;0.2340764076482854;5
920;102;15;Continent_frame;0.2578467592626265;5
921;102;20;Continent_frame;0.24291325105401654;5
922;102;25;Continent_frame;0.210621070225013;5
923;102;30;Continent_frame;0.12883129581242372;5
924;102;35;Continent_frame;0.18669046057667357;5
925;102;40;Continent_frame;0.07693563929177058;5
926;102;45;Continent_frame;0.09804067707321029;5
927;103;5;Continent_frame;0.2372215742298034;5
928;103;10;Continent_frame;0.2192774169408804;5
929;103;15;Continent_frame;0.33046993261774893;5
930;103;20;Continent_frame;0.15279938675750337;5
931;103;25;Continent_frame;0.19203053359195246;5
932;103;30;Continent_frame;0.15302356257065852;5
933;103;35;Continent_frame;0.15342088595872128;5
934;103;40;Continent_frame;0.2038319876275744;5
935;103;45;Continent_frame;0.1598902652203779;5
936;104;5;Continent_frame;0.23738234241439923;5
937;104;10;Continent_frame;0.20734180932289836;5
938;104;15;Continent_frame;0.2820836232488733;5
939;104;20;Continent_frame;0.15373364658391472;5
940;104;25;Continent_frame;0.18663965242456795;5
941;104;30;Continent_frame;0.14784436346295426;5
942;104;35;Continent_frame;0.13342467036008218;5
943;104;40;Continent_frame;0.11134672923785813;5
944;104;45;Continent_frame;0.1286446719437656;5
945;105;5;Continent_frame;0.241053669924062;5
946;105;10;Continent_frame;0.19734455776341286;5
947;105;15;Continent_frame;0.2262930469287233;5
948;105;20;Continent_frame;0.21104915257182982;5
949;105;25;Continent_frame;0.20158755124575153;5
950;105;30;Continent_frame;0.10815958283909231;5
951;105;35;Continent_frame;0.14442755987294156;5
952;105;40;Continent_frame;0.07534550756699239;5
953;105;45;Continent_frame;0.0900862181778395;5
954;106;5;Continent_frame;0.21452382294204703;5
955;106;10;Continent_frame;0.1976647835563119;5
956;106;15;Continent_frame;0.34442668952992367;5
957;106;20;Continent_frame;0.17049173106200322;5
958;106;25;Continent_frame;0.21338479539277938;5
959;106;30;Continent_frame;0.2221098419428871;5
960;106;35;Continent_frame;0.2712166862137388;5
961;106;40;Continent_frame;0.35733645153320276;5
962;106;45;Continent_frame;0.11816540306637813;5
963;107;5;Continent_frame;0.2137155787429553;5
964;107;10;Continent_frame;0.19678189210012192;5
965;107;15;Continent_frame;0.3460965498656618;5
966;107;20;Continent_frame;0.17320137710607486;5
967;107;25;Continent_frame;0.179680559921337;5
968;107;30;Continent_frame;0.15312651945814154;5
969;107;35;Continent_frame;0.13563012693334975;5
970;107;40;Continent_frame;0.06666026192269252;5
971;107;45;Continent_frame;0.11321389048954293;5
972;108;5;Continent_frame;0.2386374949023334;5
973;108;10;Continent_frame;0.22887517439844243;5
974;108;15;Continent_frame;0.26623191054533757;5
975;108;20;Continent_frame;0.25077453944116485;5
976;108;25;Continent_frame;0.15692438884019946;5
977;108;30;Continent_frame;0.10887643111192147;5
978;108;35;Continent_frame;0.14668424996493784;5
979;108;40;Continent_frame;0.20342789734262895;5
980;108;45;Continent_frame;0.16026250171477413;5
981;109;5;Continent_frame;0.23923062891973926;5
982;109;10;Continent_frame;0.22260750408449087;5
983;109;15;Continent_frame;0.21951163401034374;5
984;109;20;Continent_frame;0.1726992138447329;5
985;109;25;Continent_frame;0.18637833088451158;5
986;109;30;Continent_frame;0.12922755345688697;5
987;109;35;Continent_frame;0.3698831405836374;5
988;109;40;Continent_frame;0.35703058130163723;5
989;109;45;Continent_frame;0.10185844036173414;5
990;110;5;Continent_frame;0.24093386458287774;5
991;110;10;Continent_frame;0.2026940438432907;5
992;110;15;Continent_frame;0.24354786975768697;5
993;110;20;Continent_frame;0.21276293498618556;5
994;110;25;Continent_frame;0.19280222055434407;5
995;110;30;Continent_frame;0.1600760574125268;5
996;110;35;Continent_frame;0.20071632027115519;5
997;110;40;Continent_frame;0.1110921124519436;5
998;110;45;Continent_frame;0.1334146462793829;5
999;111;5;Continent_frame;0.23913037762878972;5
1000;111;10;Continent_frame;0.20606512096817636;5
1001;111;15;Continent_frame;0.28024637146015063;5
1002;111;20;Continent_frame;0.18256740945474184;5
1003;111;25;Continent_frame;0.22234850540088497;5
1004;111;30;Continent_frame;0.05205138605315446;5
1005;111;35;Continent_frame;0.3730436737206498;5
1006;111;40;Continent_frame;0.3602655910702234;5
1007;111;45;Continent_frame;0.13970341470175862;5
1008;112;5;Continent_frame;0.23993417869679134;5
1009;112;10;Continent_frame;0.19951303349755822;5
1010;112;15;Continent_frame;0.26739552495955093;5
1011;112;20;Continent_frame;0.17986915454679533;5
1012;112;25;Continent_frame;0.2022180529441679;5
1013;112;30;Continent_frame;0.16737980974043043;5
1014;112;35;Continent_frame;0.3527037208384407;5
1015;112;40;Continent_frame;0.36096305300087084;5
1016;112;45;Continent_frame;0.07957139731901905;5
1017;113;5;Continent_frame;0.21605968331379435;5
1018;113;10;Continent_frame;0.19906584325602747;5
1019;113;15;Continent_frame;0.3210241985956054;5
1020;113;20;Continent_frame;0.16592659491548079;5
1021;113;25;Continent_frame;0.17440740296231044;5
1022;113;30;Continent_frame;0.10726030384576465;5
1023;113;35;Continent_frame;0.37321786377290017;5
1024;113;40;Continent_frame;0.360131113554525;5
1025;113;45;Continent_frame;0.07982926216837641;5
1026;114;5;Continent_frame;0.21916082149407326;5
1027;114;10;Continent_frame;0.2022859289159225;5
1028;114;15;Continent_frame;0.23979199297695675;5
1029;114;20;Continent_frame;0.1901115471440213;5
1030;114;25;Continent_frame;0.19593230123698047;5
1031;114;30;Continent_frame;0.08842175309415899;5
1032;114;35;Continent_frame;0.3735645928518988;5
1033;114;40;Continent_frame;0.3602016683560614;5
1034;114;45;Continent_frame;0.14473790385155424;5
1035;115;5;Continent_frame;0.24154296477119128;5
1036;115;10;Continent_frame;0.20152299922191572;5
1037;115;15;Continent_frame;0.2321942792493554;5
1038;115;20;Continent_frame;0.2167047936313977;5
1039;115;25;Continent_frame;0.21524404330359642;5
1040;115;30;Continent_frame;0.3768521650471724;5
1041;115;35;Continent_frame;0.13415488910420117;5
1042;115;40;Continent_frame;0.07110687564680956;5
1043;115;45;Continent_frame;0.08421709585148666;5
1044;116;5;Continent_frame;0.23736342590299575;5
1045;116;10;Continent_frame;0.2127600408232466;5
1046;116;15;Continent_frame;0.3135031575880507;5
1047;116;20;Continent_frame;0.13493856799946422;5
1048;116;25;Continent_frame;0.19726723090741402;5
1049;116;30;Continent_frame;0.1287196038791912;5
1050;116;35;Continent_frame;0.37139329110449615;5
1051;116;40;Continent_frame;0.3581385956373933;5
1052;116;45;Continent_frame;0.07875762581244942;5
1053;117;5;Continent_frame;0.23896122743697598;5
1054;117;10;Continent_frame;0.23731925580406735;5
1055;117;15;Continent_frame;0.2663428573031832;5
1056;117;20;Continent_frame;0.25065042551041133;5
1057;117;25;Continent_frame;0.19169718500287963;5
1058;117;30;Continent_frame;0.1326665753097658;5
1059;117;35;Continent_frame;0.31252091079014765;5
1060;117;40;Continent_frame;0.36085965706445944;5
1061;117;45;Continent_frame;0.2195708298237848;5
1062;118;5;Continent_frame;0.2146329517782246;5
1063;118;10;Continent_frame;0.197781722802019;5
1064;118;15;Continent_frame;0.35410120853616384;5
1065;118;20;Continent_frame;0.19077896142773007;5
1066;118;25;Continent_frame;0.16030793813100075;5
1067;118;30;Continent_frame;0.02040363760272906;5
1068;118;35;Continent_frame;0.3699662790810662;5
1069;118;40;Continent_frame;0.35701844678359945;5
1070;118;45;Continent_frame;0.18258467682445098;5
1071;119;5;Continent_frame;0.23826505009825896;5
1072;119;10;Continent_frame;0.22655702331950728;5
1073;119;15;Continent_frame;0.3328929489674315;5
1074;119;20;Continent_frame;0.15260019935149305;5
1075;119;25;Continent_frame;0.19164551313296363;5
1076;119;30;Continent_frame;0.15283596992777246;5
1077;119;35;Continent_frame;0.154045274422326;5
1078;119;40;Continent_frame;0.23300845924585112;5
1079;119;45;Continent_frame;0.18269700711061826;5
1080;120;5;Continent_frame;0.2152442917526551;5
1081;120;10;Continent_frame;0.19834824498508277;5
1082;120;15;Continent_frame;0.3523190399638332;5
1083;120;20;Continent_frame;0.17651445803308116;5
1084;120;25;Continent_frame;0.1727593352815918;5
1085;120;30;Continent_frame;0.06160340144769699;5
1086;120;35;Continent_frame;0.37088628577794797;5
1087;120;40;Continent_frame;0.3579819469686833;5
1088;120;45;Continent_frame;0.07961911812137472;5
1089;121;5;Continent_frame;0.23736342590299575;5
1090;121;10;Continent_frame;0.23496254207008793;5
1091;121;15;Continent_frame;0.2708105015545314;5
1092;121;20;Continent_frame;0.25500669379640983;5
1093;121;25;Continent_frame;0.14981238742941633;5
1094;121;30;Continent_frame;0.10032519922080388;5
1095;121;35;Continent_frame;0.14733435061131353;5
1096;121;40;Continent_frame;0.07589034690176662;5
1097;121;45;Continent_frame;0.07924120702585401;5
1098;122;5;Continent_frame;0.21697547627377978;5
1099;122;10;Continent_frame;0.20042618626433073;5
1100;122;15;Continent_frame;0.27869172283637084;5
1101;122;20;Continent_frame;0.20862622676661446;5
1102;122;25;Continent_frame;0.20567832306086817;5
1103;122;30;Continent_frame;0.14459097987220754;5
1104;122;35;Continent_frame;0.16416409399047163;5
1105;122;40;Continent_frame;0.35431227903325185;5
1106;122;45;Continent_frame;0.08008601933414157;5
1107;123;5;Continent_frame;0.21650045568748263;5
1108;123;10;Continent_frame;0.1994584084329827;5
1109;123;15;Continent_frame;0.28073134752522316;5
1110;123;20;Continent_frame;0.16615879703763756;5
1111;123;25;Continent_frame;0.1765423975022363;5
1112;123;30;Continent_frame;0.08903561769456785;5
1113;123;35;Continent_frame;0.3703548225902379;5
1114;123;40;Continent_frame;0.35718798270456265;5
1115;123;45;Continent_frame;0.11998564949095383;5
1116;124;5;Continent_frame;0.21476976278540036;5
1117;124;10;Continent_frame;0.19792012017005606;5
1118;124;15;Continent_frame;0.34274915423267865;5
1119;124;20;Continent_frame;0.16183734381225623;5
1120;124;25;Continent_frame;0.21304533258381672;5
1121;124;30;Continent_frame;0.24325595028698915;5
1122;124;35;Continent_frame;0.16899440121217435;5
1123;124;40;Continent_frame;0.16688065945566702;5
1124;124;45;Continent_frame;0.133601900773919;5
1125;125;5;Continent_frame;0.23846427522532157;5
1126;125;10;Continent_frame;0.2211366283131058;5
1127;125;15;Continent_frame;0.26242698010008075;5
1128;125;20;Continent_frame;0.2460245129103681;5
1129;125;25;Continent_frame;0.1409945033013497;5
1130;125;30;Continent_frame;0.10536834214388197;5
1131;125;35;Continent_frame;0.13733297616951043;5
1132;125;40;Continent_frame;0.0813396122505483;5
1133;125;45;Continent_frame;0.08017085655568994;5
1134;126;5;Continent_frame;0.23995454892662665;5
1135;126;10;Continent_frame;0.2320787443036462;5
1136;126;15;Continent_frame;0.26841452347385525;5
1137;126;20;Continent_frame;0.2528825228356287;5
1138;126;25;Continent_frame;0.1733081617345762;5
1139;126;30;Continent_frame;0.04009486894806508;5
1140;126;35;Continent_frame;0.37018476278970003;5
1141;126;40;Continent_frame;0.3572118021685962;5
1142;126;45;Continent_frame;0.11485675886741158;5
1143;127;5;Continent_frame;0.23916868773293526;5
1144;127;10;Continent_frame;0.19196460523489672;5
1145;127;15;Continent_frame;0.217552811321884;5
1146;127;20;Continent_frame;0.20299317037112333;5
1147;127;25;Continent_frame;0.24324893922266497;5
1148;127;30;Continent_frame;0.1259242362248942;5
1149;127;35;Continent_frame;0.3291427517102192;5
1150;127;40;Continent_frame;0.36086494811858877;5
1151;127;45;Continent_frame;0.18913952815958124;5
1152;128;5;Continent_frame;0.21715960841570742;5
1153;128;10;Continent_frame;0.2001282352067794;5
1154;128;15;Continent_frame;0.28683368360718886;5
1155;128;20;Continent_frame;0.15015539408229706;5
1156;128;25;Continent_frame;0.1954734962146822;5
1157;128;30;Continent_frame;0.10009550909247875;5
1158;128;35;Continent_frame;0.37011405691437893;5
1159;128;40;Continent_frame;0.3571376726364442;5
1160;128;45;Continent_frame;0.12001048201909069;5
1161;129;5;Continent_frame;0.21446196953282498;5
1162;129;10;Continent_frame;0.1976182025204496;5
1163;129;15;Continent_frame;0.31195105712402044;5
1164;129;20;Continent_frame;0.1884364837210848;5
1165;129;25;Continent_frame;0.17475883836668393;5
1166;129;30;Continent_frame;0.37200751449269265;5
1167;129;35;Continent_frame;0.1309076680563166;5
1168;129;40;Continent_frame;0.2247167438681009;5
1169;129;45;Continent_frame;0.1358996787080803;5
1170;130;5;Continent_frame;0.23252768945596985;5
1171;130;10;Continent_frame;0.22518175441248192;5
1172;130;15;Continent_frame;0.292476808674274;5
1173;130;20;Continent_frame;0.17510209830026854;5
1174;130;25;Continent_frame;0.18475415925311078;5
1175;130;30;Continent_frame;0.1768587000520459;5
1176;130;35;Continent_frame;0.13204906424498858;5
1177;130;40;Continent_frame;0.28053757543925234;5
1178;130;45;Continent_frame;0.08040701999889721;5
1179;131;5;Continent_frame;0.23193442188627794;5
1180;131;10;Continent_frame;0.2522530688679991;5
1181;131;15;Continent_frame;0.26620988955455416;5
1182;131;20;Continent_frame;0.2516792371038079;5
1183;131;25;Continent_frame;0.21029371853163964;5
1184;131;30;Continent_frame;0.11801205131091734;5
1185;131;35;Continent_frame;0.19099834520770692;5
1186;131;40;Continent_frame;0.0777765785927532;5
1187;131;45;Continent_frame;0.07985402829764822;5
1188;132;5;Continent_frame;0.23968238095807784;5
1189;132;10;Continent_frame;0.22312494129142116;5
1190;132;15;Continent_frame;0.20658948767889995;5
1191;132;20;Continent_frame;0.18979157271078403;5
1192;132;25;Continent_frame;0.20919537843050268;5
1193;132;30;Continent_frame;0.18462018984478792;5
1194;132;35;Continent_frame;0.18712414178140402;5
1195;132;40;Continent_frame;0.06811883723765115;5
1196;132;45;Continent_frame;0.11188240681894826;5
1197;133;5;Continent_frame;0.22085682537374127;5
1198;133;10;Continent_frame;0.20385982614702108;5
1199;133;15;Continent_frame;0.27407225531771234;5
1200;133;20;Continent_frame;0.18108972185028624;5
1201;133;25;Continent_frame;0.18884476051296276;5
1202;133;30;Continent_frame;0.153742740465184;5
1203;133;35;Continent_frame;0.15016159744447855;5
1204;133;40;Continent_frame;0.11146710624518635;5
1205;133;45;Continent_frame;0.13016509146128136;5
1206;134;5;Continent_frame;0.23923297053365894;5
1207;134;10;Continent_frame;0.22260986460534798;5
1208;134;15;Continent_frame;0.21414143874242736;5
1209;134;20;Continent_frame;0.19723980018446396;5
1210;134;25;Continent_frame;0.17369452502829458;5
1211;134;30;Continent_frame;0.14469987552448754;5
1212;134;35;Continent_frame;0.13231874582562703;5
1213;134;40;Continent_frame;0.11114640814661657;5
1214;134;45;Continent_frame;0.1295534705093005;5
1215;135;5;Continent_frame;0.23736342590299575;5
1216;135;10;Continent_frame;0.22561138962840419;5
1217;135;15;Continent_frame;0.24256880763831531;5
1218;135;20;Continent_frame;0.22820005625373097;5
1219;135;25;Continent_frame;0.2425860216514788;5
1220;135;30;Continent_frame;0.25854680965208027;5
1221;135;35;Continent_frame;0.13180390884040452;5
1222;135;40;Continent_frame;0.28585131217570847;5
1223;135;45;Continent_frame;0.13348758227368343;5
1224;136;5;Continent_frame;0.22070187698038118;5
1225;136;10;Continent_frame;0.20366822117499375;5
1226;136;15;Continent_frame;0.23796114073534644;5
1227;136;20;Continent_frame;0.18789526771322576;5
1228;136;25;Continent_frame;0.2089201442729549;5
1229;136;30;Continent_frame;0.04674186232857624;5
1230;136;35;Continent_frame;0.3695128202482721;5
1231;136;40;Continent_frame;0.3563550684758244;5
1232;136;45;Continent_frame;0.07852233322352382;5
1233;137;5;Continent_frame;0.21503354240323147;5
1234;137;10;Continent_frame;0.1981797862855917;5
1235;137;15;Continent_frame;0.3433095890680922;5
1236;137;20;Continent_frame;0.1695501687916994;5
1237;137;25;Continent_frame;0.2057440822177145;5
1238;137;30;Continent_frame;0.14703168681883788;5
1239;137;35;Continent_frame;0.14579049736347352;5
1240;137;40;Continent_frame;0.07492030631352666;5
1241;137;45;Continent_frame;0.0932498593671307;5
1242;138;5;Continent_frame;0.21367011144680245;5
1243;138;10;Continent_frame;0.19672609624468418;5
1244;138;15;Continent_frame;0.3190540004361936;5
1245;138;20;Continent_frame;0.14817718339421068;5
1246;138;25;Continent_frame;0.19288669201596925;5
1247;138;30;Continent_frame;0.1524710015171218;5
1248;138;35;Continent_frame;0.36984891853276824;5
1249;138;40;Continent_frame;0.3566991152099437;5
1250;138;45;Continent_frame;0.1186434358392302;5
1251;139;5;Continent_frame;0.2171027438812526;5
1252;139;10;Continent_frame;0.20055982718750956;5
1253;139;15;Continent_frame;0.3203922851553711;5
1254;139;20;Continent_frame;0.18891464477323672;5
1255;139;25;Continent_frame;0.18116619699965622;5
1256;139;30;Continent_frame;0.21666046013455112;5
1257;139;35;Continent_frame;0.13245078010328867;5
1258;139;40;Continent_frame;0.15712555040517348;5
1259;139;45;Continent_frame;0.1474380617540245;5
1260;140;5;Continent_frame;0.23039176865081898;5
1261;140;10;Continent_frame;0.2561231557692524;5
1262;140;15;Continent_frame;0.2830308267234618;5
1263;140;20;Continent_frame;0.2676411882341784;5
1264;140;25;Continent_frame;0.15759474428878026;5
1265;140;30;Continent_frame;0.10588418539633364;5
1266;140;35;Continent_frame;0.37323122547566084;5
1267;140;40;Continent_frame;0.3601664466009213;5
1268;140;45;Continent_frame;0.07984706123977679;5
1269;141;5;Continent_frame;0.22085682537374127;5
1270;141;10;Continent_frame;0.20385982614702108;5
1271;141;15;Continent_frame;0.22881937554188816;5
1272;141;20;Continent_frame;0.17668910991181475;5
1273;141;25;Continent_frame;0.23213854650312962;5
1274;141;30;Continent_frame;0.0568904790896927;5
1275;141;35;Continent_frame;0.3695816147389354;5
1276;141;40;Continent_frame;0.3565389860686824;5
1277;141;45;Continent_frame;0.07873882743130503;5
1278;142;5;Continent_frame;0.23154886672919775;5
1279;142;10;Continent_frame;0.25641023581678046;5
1280;142;15;Continent_frame;0.2757303850235523;5
1281;142;20;Continent_frame;0.2605452685737833;5
1282;142;25;Continent_frame;0.18914837717589536;5
1283;142;30;Continent_frame;0.12424352390272016;5
1284;142;35;Continent_frame;0.31661621074914154;5
1285;142;40;Continent_frame;0.3577824959354993;5
1286;142;45;Continent_frame;0.1766791307219489;5
1287;143;5;Continent_frame;0.24096874733706514;5
1288;143;10;Continent_frame;0.20193293443918847;5
1289;143;15;Continent_frame;0.2291487974102457;5
1290;143;20;Continent_frame;0.1746362015311219;5
1291;143;25;Continent_frame;0.2265674753101155;5
1292;143;30;Continent_frame;0.020743738969651364;5
1293;143;35;Continent_frame;0.37130496537213314;5
1294;143;40;Continent_frame;0.3582514917892942;5
1295;143;45;Continent_frame;0.1655762183475936;5
1296;144;5;Continent_frame;0.23923062891973926;5
1297;144;10;Continent_frame;0.22260750408449087;5
1298;144;15;Continent_frame;0.19197400365218245;5
1299;144;20;Continent_frame;0.17667505622324042;5
1300;144;25;Continent_frame;0.23552030783344696;5
1301;144;30;Continent_frame;0.14417205602766126;5
1302;144;35;Continent_frame;0.37068246602020855;5
1303;144;40;Continent_frame;0.357820546795677;5
1304;144;45;Continent_frame;0.07919379303644346;5
1305;145;5;Continent_frame;0.21956252257974557;5
1306;145;10;Continent_frame;0.20250363616000763;5
1307;145;15;Continent_frame;0.22398176820826426;5
1308;145;20;Continent_frame;0.16980596928895106;5
1309;145;25;Continent_frame;0.22571355594010706;5
1310;145;30;Continent_frame;0.20638005685713157;5
1311;145;35;Continent_frame;0.2687335847592916;5
1312;145;40;Continent_frame;0.35785739930259747;5
1313;145;45;Continent_frame;0.13771415894117348;5
1314;146;5;Continent_frame;0.21956252257974557;5
1315;146;10;Continent_frame;0.20250363616000763;5
1316;146;15;Continent_frame;0.2966180086090092;5
1317;146;20;Continent_frame;0.1793767107235168;5
1318;146;25;Continent_frame;0.2022686583670454;5
1319;146;30;Continent_frame;0.16733555443616882;5
1320;146;35;Continent_frame;0.3518043765425429;5
1321;146;40;Continent_frame;0.358868552634071;5
1322;146;45;Continent_frame;0.22274297702372245;5
1323;147;5;Continent_frame;0.21605968331379435;5
1324;147;10;Continent_frame;0.19906584325602747;5
1325;147;15;Continent_frame;0.3191942890231023;5
1326;147;20;Continent_frame;0.17197391472620085;5
1327;147;25;Continent_frame;0.18444631684373677;5
1328;147;30;Continent_frame;0.14661739626391862;5
1329;147;35;Continent_frame;0.3624323202424543;5
1330;147;40;Continent_frame;0.35875171575308856;5
1331;147;45;Continent_frame;0.07807238632967302;5
1332;148;5;Continent_frame;0.23682444380630133;5
1333;148;10;Continent_frame;0.21226980349639166;5
1334;148;15;Continent_frame;0.24987819446822065;5
1335;148;20;Continent_frame;0.2343608566654265;5
1336;148;25;Continent_frame;0.17309740523680883;5
1337;148;30;Continent_frame;0.09769183459535466;5
1338;148;35;Continent_frame;0.13427431651518842;5
1339;148;40;Continent_frame;0.15889531149313735;5
1340;148;45;Continent_frame;0.14513471650067453;5
1341;149;5;Continent_frame;0.24049405418481598;5
1342;149;10;Continent_frame;0.2141930305708955;5
1343;149;15;Continent_frame;0.24541915662381214;5
1344;149;20;Continent_frame;0.23004311107227776;5
1345;149;25;Continent_frame;0.22041984181950014;5
1346;149;30;Continent_frame;0.37124522230245327;5
1347;149;35;Continent_frame;0.13045769503761925;5
1348;149;40;Continent_frame;0.2264253185336896;5
1349;149;45;Continent_frame;0.13305777528333254;5
1350;150;5;Continent_frame;0.2349206834356145;5
1351;150;10;Continent_frame;0.20516463681697727;5
1352;150;15;Continent_frame;0.2816834717218682;5
1353;150;20;Continent_frame;0.18146289784711456;5
1354;150;25;Continent_frame;0.22272310731998082;5
1355;150;30;Continent_frame;0.02022292704745487;5
1356;150;35;Continent_frame;0.3700873512327224;5
1357;150;40;Continent_frame;0.35727275963290234;5
1358;150;45;Continent_frame;0.07948637382034518;5
1359;151;5;Continent_frame;0.21956252257974557;5
1360;151;10;Continent_frame;0.20250363616000763;5
1361;151;15;Continent_frame;0.2767396261556826;5
1362;151;20;Continent_frame;0.2005202015567873;5
1363;151;25;Continent_frame;0.20096068765206734;5
1364;151;30;Continent_frame;0.16875208423365634;5
1365;151;35;Continent_frame;0.3221050589630138;5
1366;151;40;Continent_frame;0.35733284206291077;5
1367;151;45;Continent_frame;0.1317816398047184;5
1368;152;5;Continent_frame;0.23736342590299575;5
1369;152;10;Continent_frame;0.23256053595521872;5
1370;152;15;Continent_frame;0.26904071255263073;5
1371;152;20;Continent_frame;0.2534993567836084;5
1372;152;25;Continent_frame;0.14541932375224054;5
1373;152;30;Continent_frame;0.09795567495939313;5
1374;152;35;Continent_frame;0.1449628145447122;5
1375;152;40;Continent_frame;0.2250036812497744;5
1376;152;45;Continent_frame;0.13406973465780703;5
1377;153;5;Continent_frame;0.23660035327511825;5
1378;153;10;Continent_frame;0.22803686577191767;5
1379;153;15;Continent_frame;0.24862875253114067;5
1380;153;20;Continent_frame;0.2341636648583959;5
1381;153;25;Continent_frame;0.2277703558674028;5
1382;153;30;Continent_frame;0.089212477308932;5
1383;153;35;Continent_frame;0.16278997870088852;5
1384;153;40;Continent_frame;0.35417681286350733;5
1385;153;45;Continent_frame;0.0801894250065794;5
1386;154;5;Continent_frame;0.21339277919966593;5
1387;154;10;Continent_frame;0.19644251337416535;5
1388;154;15;Continent_frame;0.30443684459083115;5
1389;154;20;Continent_frame;0.16950958973242264;5
1390;154;25;Continent_frame;0.20470070992606162;5
1391;154;30;Continent_frame;0.10814246160176294;5
1392;154;35;Continent_frame;0.13471958565521347;5
1393;154;40;Continent_frame;0.35342205820752537;5
1394;154;45;Continent_frame;0.07891679050453755;5
1395;155;5;Continent_frame;0.21605968331379435;5
1396;155;10;Continent_frame;0.19906584325602747;5
1397;155;15;Continent_frame;0.3204698365222427;5
1398;155;20;Continent_frame;0.1805933999449987;5
1399;155;25;Continent_frame;0.2012290523321396;5
1400;155;30;Continent_frame;0.17075704571436828;5
1401;155;35;Continent_frame;0.1786200866582004;5
1402;155;40;Continent_frame;0.13900722839493504;5
1403;155;45;Continent_frame;0.08037862371950236;5
1404;156;5;Continent_frame;0.21635243299644874;5
1405;156;10;Continent_frame;0.19976156025931746;5
1406;156;15;Continent_frame;0.3534212561813814;5
1407;156;20;Continent_frame;0.1440431037875126;5
1408;156;25;Continent_frame;0.1871127087459627;5
1409;156;30;Continent_frame;0.12679213882191176;5
1410;156;35;Continent_frame;0.13448228318606456;5
1411;156;40;Continent_frame;0.3524468821318783;5
1412;156;45;Continent_frame;0.08037886329602047;5
1413;157;5;Continent_frame;0.21605968331379435;5
1414;157;10;Continent_frame;0.19906584325602747;5
1415;157;15;Continent_frame;0.317708575935401;5
1416;157;20;Continent_frame;0.20071667644775654;5
1417;157;25;Continent_frame;0.16816348898487893;5
1418;157;30;Continent_frame;0.13541619985412137;5
1419;157;35;Continent_frame;0.35645055592709124;5
1420;157;40;Continent_frame;0.35771908612878794;5
1421;157;45;Continent_frame;0.07857424183755433;5
1422;158;5;Continent_frame;0.238376170715036;5
1423;158;10;Continent_frame;0.2507777607811424;5
1424;158;15;Continent_frame;0.25316060124787243;5
1425;158;20;Continent_frame;0.23918731939086266;5
1426;158;25;Continent_frame;0.28869071360169074;5
1427;158;30;Continent_frame;0.37420831185445125;5
1428;158;35;Continent_frame;0.12586434199001523;5
1429;158;40;Continent_frame;0.20943165774204175;5
1430;158;45;Continent_frame;0.07945104367448813;5
1431;159;5;Continent_frame;0.239222329020516;5
1432;159;10;Continent_frame;0.20923216849826068;5
1433;159;15;Continent_frame;0.2723980100750655;5
1434;159;20;Continent_frame;0.1951413838945374;5
1435;159;25;Continent_frame;0.2114689473075756;5
1436;159;30;Continent_frame;0.31265727336240273;5
1437;159;35;Continent_frame;0.13025526655088693;5
1438;159;40;Continent_frame;0.19803255844491813;5
1439;159;45;Continent_frame;0.16606864168260602;5
1440;160;5;Continent_frame;0.2367170360648666;5
1441;160;10;Continent_frame;0.22580346061058293;5
1442;160;15;Continent_frame;0.25228768789823564;5
1443;160;20;Continent_frame;0.2376284115240839;5
1444;160;25;Continent_frame;0.19596694972641185;5
1445;160;30;Continent_frame;0.07708478259039263;5
1446;160;35;Continent_frame;0.13380320548953875;5
1447;160;40;Continent_frame;0.13870524133822687;5
1448;160;45;Continent_frame;0.07964308872225422;5
1449;161;5;Continent_frame;0.22077712233069777;5
1450;161;10;Continent_frame;0.20372798147439863;5
1451;161;15;Continent_frame;0.25189924840576666;5
1452;161;20;Continent_frame;0.2033071748936182;5
1453;161;25;Continent_frame;0.20315849394904195;5
1454;161;30;Continent_frame;0.1714828245778234;5
1455;161;35;Continent_frame;0.2963676803274069;5
1456;161;40;Continent_frame;0.36100408113264304;5
1457;161;45;Continent_frame;0.14382807050972365;5
1458;162;5;Continent_frame;0.23794047278743946;5
1459;162;10;Continent_frame;0.22131578333495106;5
1460;162;15;Continent_frame;0.20066233771137543;5
1461;162;20;Continent_frame;0.1844980680046614;5
1462;162;25;Continent_frame;0.2116670246093501;5
1463;162;30;Continent_frame;0.18926698545399007;5
1464;162;35;Continent_frame;0.28801841760475155;5
1465;162;40;Continent_frame;0.3574702752420518;5
1466;162;45;Continent_frame;0.13009071046031495;5
1467;163;5;Continent_frame;0.2386374949023334;5
1468;163;10;Continent_frame;0.22577984517183625;5
1469;163;15;Continent_frame;0.24246147305421767;5
1470;163;20;Continent_frame;0.2280532697380439;5
1471;163;25;Continent_frame;0.2515657326202537;5
1472;163;30;Continent_frame;0.05167628434229337;5
1473;163;35;Continent_frame;0.13771202626519474;5
1474;163;40;Continent_frame;0.11118366687653922;5
1475;163;45;Continent_frame;0.12856990726612527;5
1476;164;5;Continent_frame;0.23682444380630133;5
1477;164;10;Continent_frame;0.2091851847023634;5
1478;164;15;Continent_frame;0.2388664802067398;5
1479;164;20;Continent_frame;0.2239886003864568;5
1480;164;25;Continent_frame;0.22056118448377465;5
1481;164;30;Continent_frame;0.07299597223647127;5
1482;164;35;Continent_frame;0.14223533651274559;5
1483;164;40;Continent_frame;0.07584773995056678;5
1484;164;45;Continent_frame;0.07911808291695445;5
1485;165;5;Continent_frame;0.21436650083506806;5
1486;165;10;Continent_frame;0.1975122396121188;5
1487;165;15;Continent_frame;0.30747687563341863;5
1488;165;20;Continent_frame;0.1761222926161142;5
1489;165;25;Continent_frame;0.1941516874861977;5
1490;165;30;Continent_frame;0.07090121551683494;5
1491;165;35;Continent_frame;0.373241851210164;5
1492;165;40;Continent_frame;0.36003108781498344;5
1493;165;45;Continent_frame;0.2598339663080091;5
1494;166;5;Continent_frame;0.23722421796829224;5
1495;166;10;Continent_frame;0.19595084523466882;5
1496;166;15;Continent_frame;0.21203010818630805;5
1497;166;20;Continent_frame;0.19647529289119273;5
1498;166;25;Continent_frame;0.20434070963532147;5
1499;166;30;Continent_frame;0.11884611238291559;5
1500;166;35;Continent_frame;0.37004870027504766;5
1501;166;40;Continent_frame;0.35693383189314;5
1502;166;45;Continent_frame;0.09823779557559541;5
1503;167;5;Continent_frame;0.21419519338771295;5
1504;167;10;Continent_frame;0.1973343804147759;5
1505;167;15;Continent_frame;0.31188644198109294;5
1506;167;20;Continent_frame;0.1884434700132152;5
1507;167;25;Continent_frame;0.17459551054128156;5
1508;167;30;Continent_frame;0.22695214384940043;5
1509;167;35;Continent_frame;0.13362201508454855;5
1510;167;40;Continent_frame;0.2833425849312344;5
1511;167;45;Continent_frame;0.1365572356906559;5
1512;168;5;Continent_frame;0.2381548401708385;5
1513;168;10;Continent_frame;0.21360499219292453;5
1514;168;15;Continent_frame;0.2550112289940069;5
1515;168;20;Continent_frame;0.23923637121822788;5
1516;168;25;Continent_frame;0.18737669446439126;5
1517;168;30;Continent_frame;0.3767848823665724;5
1518;168;35;Continent_frame;0.13394396145337775;5
1519;168;40;Continent_frame;0.07097022601814135;5
1520;168;45;Continent_frame;0.07907511689654911;5
1521;169;5;Continent_frame;0.23823794388883776;5
1522;169;10;Continent_frame;0.20731087705650283;5
1523;169;15;Continent_frame;0.28166823073404756;5
1524;169;20;Continent_frame;0.18668534243969537;5
1525;169;25;Continent_frame;0.19313974352318827;5
1526;169;30;Continent_frame;0.15686736749036007;5
1527;169;35;Continent_frame;0.1850704614994721;5
1528;169;40;Continent_frame;0.15932026669419036;5
1529;169;45;Continent_frame;0.14495438227196075;5
1530;170;5;Continent_frame;0.21467333061462715;5
1531;170;10;Continent_frame;0.19782348000254896;5
1532;170;15;Continent_frame;0.3446832589324135;5
1533;170;20;Continent_frame;0.18432892514354896;5
1534;170;25;Continent_frame;0.19731336212972764;5
1535;170;30;Continent_frame;0.17446329186736714;5
1536;170;35;Continent_frame;0.32330939971141365;5
1537;170;40;Continent_frame;0.35871582466141666;5
1538;170;45;Continent_frame;0.07841807714503984;5
1539;171;5;Continent_frame;0.23826505009825896;5
1540;171;10;Continent_frame;0.22812029880127135;5
1541;171;15;Continent_frame;0.3167007355243342;5
1542;171;20;Continent_frame;0.17070558010340983;5
1543;171;25;Continent_frame;0.18527002343598423;5
1544;171;30;Continent_frame;0.14403574155860985;5
1545;171;35;Continent_frame;0.15239665050234485;5
1546;171;40;Continent_frame;0.28077261863930025;5
1547;171;45;Continent_frame;0.07942574993442719;5
1548;172;5;Continent_frame;0.239222329020516;5
1549;172;10;Continent_frame;0.21294270203052545;5
1550;172;15;Continent_frame;0.24954899467284528;5
1551;172;20;Continent_frame;0.2340112779736333;5
1552;172;25;Continent_frame;0.1706837303597686;5
1553;172;30;Continent_frame;0.0822897218857983;5
1554;172;35;Continent_frame;0.370083747105748;5
1555;172;40;Continent_frame;0.3570667928337895;5
1556;172;45;Continent_frame;0.11511493650545687;5
1557;173;5;Continent_frame;0.21697547627377978;5
1558;173;10;Continent_frame;0.20042618626433073;5
1559;173;15;Continent_frame;0.2618480011157358;5
1560;173;20;Continent_frame;0.183423853659403;5
1561;173;25;Continent_frame;0.2334793204218959;5
1562;173;30;Continent_frame;0.17528316605020128;5
1563;173;35;Continent_frame;0.31598576595822914;5
1564;173;40;Continent_frame;0.3586083101270169;5
1565;173;45;Continent_frame;0.07838182230710648;5
1566;174;5;Continent_frame;0.21383431505868283;5
1567;174;10;Continent_frame;0.19694557673131186;5
1568;174;15;Continent_frame;0.35362197499657577;5
1569;174;20;Continent_frame;0.13915715225460348;5
1570;174;25;Continent_frame;0.2043686103567578;5
1571;174;30;Continent_frame;0.17737613879550793;5
1572;174;35;Continent_frame;0.13716754437527004;5
1573;174;40;Continent_frame;0.07441347485404443;5
1574;174;45;Continent_frame;0.09484030868252914;5
1575;175;5;Continent_frame;0.23852973511346562;5
1576;175;10;Continent_frame;0.2026066776828304;5
1577;175;15;Continent_frame;0.2400338564126546;5
1578;175;20;Continent_frame;0.22406977847636225;5
1579;175;25;Continent_frame;0.3323661870427507;5
1580;175;30;Continent_frame;0.3739280758001475;5
1581;175;35;Continent_frame;0.1237474036637863;5
1582;175;40;Continent_frame;0.2814998338062449;5
1583;175;45;Continent_frame;0.07863186244123312;5
1584;176;5;Continent_frame;0.23039176865081898;5
1585;176;10;Continent_frame;0.25260246797789276;5
1586;176;15;Continent_frame;0.26004658560468225;5
1587;176;20;Continent_frame;0.24561429458801445;5
1588;176;25;Continent_frame;0.23413277723912612;5
1589;176;30;Continent_frame;0.3728260188742461;5
1590;176;35;Continent_frame;0.13030757221868966;5
1591;176;40;Continent_frame;0.11131206539553376;5
1592;176;45;Continent_frame;0.12942947701666907;5
1593;177;5;Continent_frame;0.23846916625461442;5
1594;177;10;Continent_frame;0.22183721820267396;5
1595;177;15;Continent_frame;0.21779465882500626;5
1596;177;20;Continent_frame;0.17636481302849819;5
1597;177;25;Continent_frame;0.1976566700066803;5
1598;177;30;Continent_frame;0.26113054254321977;5
1599;177;35;Continent_frame;0.1317029864948893;5
1600;177;40;Continent_frame;0.16727075159395507;5
1601;177;45;Continent_frame;0.13302056625248457;5
1602;178;5;Continent_frame;0.21419519338771295;5
1603;178;10;Continent_frame;0.1973343804147759;5
1604;178;15;Continent_frame;0.30521801972438317;5
1605;178;20;Continent_frame;0.17270567109990284;5
1606;178;25;Continent_frame;0.21449146961387083;5
1607;178;30;Continent_frame;0.2143559538896908;5
1608;178;35;Continent_frame;0.15599696605436056;5
1609;178;40;Continent_frame;0.1563385985215259;5
1610;178;45;Continent_frame;0.14974702618805086;5
1611;179;5;Continent_frame;0.21452382294204703;5
1612;179;10;Continent_frame;0.1976647835563119;5
1613;179;15;Continent_frame;0.3525067600265652;5
1614;179;20;Continent_frame;0.17640409440591956;5
1615;179;25;Continent_frame;0.17024722014261334;5
1616;179;30;Continent_frame;0.10002302885439983;5
1617;179;35;Continent_frame;0.3732045677572375;5
1618;179;40;Continent_frame;0.3601118711163129;5
1619;179;45;Continent_frame;0.07984030323195;5
1620;180;5;Continent_frame;0.21715960841570742;5
1621;180;10;Continent_frame;0.2001282352067794;5
1622;180;15;Continent_frame;0.24681161538952076;5
1623;180;20;Continent_frame;0.19951357607014547;5
1624;180;25;Continent_frame;0.19435553134353817;5
1625;180;30;Continent_frame;0.37214432096202005;5
1626;180;35;Continent_frame;0.13144828407211917;5
1627;180;40;Continent_frame;0.20769679628341003;5
1628;180;45;Continent_frame;0.15580450509636284;5
1629;181;5;Continent_frame;0.21468062950956468;5
1630;181;10;Continent_frame;0.19782989178872454;5
1631;181;15;Continent_frame;0.3429243601123203;5
1632;181;20;Continent_frame;0.16418383558661426;5
1633;181;25;Continent_frame;0.21411881323302492;5
1634;181;30;Continent_frame;0.24297886571229288;5
1635;181;35;Continent_frame;0.16881373486004272;5
1636;181;40;Continent_frame;0.0750400737334398;5
1637;181;45;Continent_frame;0.08518380834432912;5
1638;182;5;Continent_frame;0.2372215742298034;5
1639;182;10;Continent_frame;0.24827464483142736;5
1640;182;15;Continent_frame;0.28872027082361096;5
1641;182;20;Continent_frame;0.24126507561274635;5
1642;182;25;Continent_frame;0.182672113440449;5
1643;182;30;Continent_frame;0.37363873819239657;5
1644;182;35;Continent_frame;0.12828999164301938;5
1645;182;40;Continent_frame;0.06379720075484663;5
1646;182;45;Continent_frame;0.10823945352779375;5
1647;183;5;Continent_frame;0.23736342590299575;5
1648;183;10;Continent_frame;0.22681263431418394;5
1649;183;15;Continent_frame;0.25858562627398507;5
1650;183;20;Continent_frame;0.24370355126378385;5
1651;183;25;Continent_frame;0.17603249457967965;5
1652;183;30;Continent_frame;0.22969579455122838;5
1653;183;35;Continent_frame;0.13629474275571005;5
1654;183;40;Continent_frame;0.07415067890153222;5
1655;183;45;Continent_frame;0.09306209384897418;5
1656;184;5;Continent_frame;0.21476976278540036;5
1657;184;10;Continent_frame;0.19792012017005606;5
1658;184;15;Continent_frame;0.34447777835591803;5
1659;184;20;Continent_frame;0.16844158383579924;5
1660;184;25;Continent_frame;0.2049684320870756;5
1661;184;30;Continent_frame;0.3724080934847167;5
1662;184;35;Continent_frame;0.13092737993929038;5
1663;184;40;Continent_frame;0.16133423539178912;5
1664;184;45;Continent_frame;0.14213874405226617;5
1665;185;5;Continent_frame;0.23846427522532157;5
1666;185;10;Continent_frame;0.21379426061885204;5
1667;185;15;Continent_frame;0.25069913042572495;5
1668;185;20;Continent_frame;0.23500882694129302;5
1669;185;25;Continent_frame;0.1730208614544262;5
1670;185;30;Continent_frame;0.09771720524258731;5
1671;185;35;Continent_frame;0.3636469409355026;5
1672;185;40;Continent_frame;0.3574980212274161;5
1673;185;45;Continent_frame;0.16632133881320024;5
